block_hankel,size,entries,median_gp_ms,ns_per_entry_gp,median_zpass_ms,ns_per_entry_zpass,median_hash_k2_ms,ns_per_entry_hash_k2,median_direct_ms,ns_per_entry_direct
Yes,240,57600,9.7,168.403,0.4,6.944,0.9,15.625,0.1,1.736
Yes,480,230400,42.6,184.896,1.7,7.378,3.7,16.059,0.8,3.472
Yes,720,518400,150.9,291.088,6.9,13.31,13.9,26.813,5.7,10.995
Yes,960,921600,220.1,238.824,10.1,10.959,15.2,16.493,8.1,8.789
Yes,1440,2073600,426.3,205.584,34.3,16.541,32.6,15.721,36.6,17.65
Yes,1920,3686400,788.4,213.867,78.4,21.267,58.1,15.761,77.6,21.05
Yes,2880,8294400,1839.5,221.776,277.3,33.432,142.0,17.12,492.7,59.402
Yes,3840,14745600,3286.6,222.887,429.3,29.114,250.8,17.008,508.4,34.478
Yes,7680,58982400,15699.4,266.171,2101.4,35.628,1113.9,18.885,2797.0,47.421
Yes,15000,225000000,63186.6,280.829,8820.8,39.204,4022.6,17.878,11863.1,52.725
No,240,57600,3.0,52.083,0.1,1.736,0.9,15.625,0.0,0.0
No,480,230400,13.2,57.292,0.3,1.302,3.7,16.059,0.0,0.0
No,720,518400,45.3,87.384,1.3,2.508,14.0,27.006,0.1,0.193
No,960,921600,58.8,63.802,1.0,1.085,14.6,15.842,0.0,0.0
No,1440,2073600,138.3,66.696,2.2,1.061,32.2,15.529,0.0,0.0
No,1920,3686400,273.5,74.192,3.7,1.004,57.3,15.544,0.0,0.0
No,2880,8294400,634.0,76.437,7.0,0.844,140.4,16.927,0.1,0.012
No,3840,14745600,1182.8,80.214,9.0,0.61,252.2,17.103,0.0,0.0
No,7680,58982400,5731.2,97.168,29.6,0.502,1102.7,18.695,0.1,0.002
No,15000,225000000,24655.3,109.579,77.1,0.343,3902.0,17.342,0.1,0.0
